{
    "loss": 1.5878710746765137,
    "accuracy": 0.765005350112915
}